id,first_name,last_name,email,gender,country
1,Noami,Blythe,nblythe0@ameblo.jp,Female,Czech Republic
2,Toiboid,Dunnan,tdunnan1@mediafire.com,Polygender,Philippines
3,Franny,Gilhoolie,fgilhoolie2@google.cn,Genderqueer,Indonesia
4,Lacey,Hubbocks,lhubbocks3@go.com,Female,Indonesia
5,Bald,Larmett,blarmett4@yelp.com,Male,China
6,Desdemona,Preddy,dpreddy5@aol.com,Agender,China
7,Mayor,Rowdell,mrowdell6@house.gov,Agender,Poland
8,Farrah,O'Sculley,fosculley7@livejournal.com,Genderqueer,Japan
9,Tymon,Scarf,tscarf8@ehow.com,Genderfluid,Japan
10,Merola,Janny,mjanny9@4shared.com,Genderfluid,Philippines
11,Garland,Howroyd,ghowroyda@cdbaby.com,Bigender,Thailand
12,Marietta,Deaves,mdeavesb@jugem.jp,Genderfluid,Russia
13,Hynda,Sexstone,hsexstonec@archive.org,Bigender,Japan
14,Jasun,Cridge,jcridged@opera.com,Agender,Czech Republic
15,Leeanne,Tilsley,ltilsleye@ucla.edu,Genderfluid,Ukraine
16,Melosa,Marzelli,mmarzellif@google.com.au,Non-binary,Finland
17,Parsifal,Petegre,ppetegreg@earthlink.net,Genderfluid,China
18,Xylia,Elijahu,xelijahuh@mashable.com,Male,Finland
19,Jeanette,Swiffan,jswiffani@accuweather.com,Polygender,Costa Rica
20,Saudra,Sperry,ssperryj@printfriendly.com,Genderqueer,Indonesia
21,Ashby,Balam,abalamk@multiply.com,Polygender,China
22,Torrey,McMurthy,tmcmurthyl@disqus.com,Non-binary,China
23,Bryanty,Hymas,bhymasm@discovery.com,Agender,Canada
24,Viola,Thorald,vthoraldn@bizjournals.com,Polygender,Palestinian Territory
25,Twyla,Coalburn,tcoalburno@about.me,Non-binary,Portugal
26,Guinevere,Shillom,gshillomp@last.fm,Genderfluid,Canada
27,Kristi,O'Looney,kolooneyq@ox.ac.uk,Genderqueer,Greece
28,Cozmo,Derrington,cderringtonr@nationalgeographic.com,Female,Colombia
29,Enrica,Athey,eatheys@netscape.com,Female,China
30,Chandra,Piatkowski,cpiatkowskit@usnews.com,Female,Czech Republic
31,Clerkclaude,Bucher,cbucheru@buzzfeed.com,Genderfluid,Brazil
32,Dallis,Franks,dfranksv@blogger.com,Genderfluid,New Caledonia
33,Ferrel,Sellar,fsellarw@vinaora.com,Male,Greece
34,Dorena,Scroxton,dscroxtonx@admin.ch,Female,Pakistan
35,Taber,Schukraft,tschukrafty@bbb.org,Genderqueer,China
36,Aurelea,Fullerton,afullertonz@oaic.gov.au,Non-binary,Svalbard and Jan Mayen
37,Mikol,Dockery,mdockery10@nationalgeographic.com,Genderfluid,Russia
38,Vaclav,Salmoni,vsalmoni11@globo.com,Non-binary,China
39,Mercedes,Datte,mdatte12@mashable.com,Genderqueer,Indonesia
40,Cordi,Hastie,chastie13@storify.com,Genderqueer,Ukraine
41,Hedwiga,Palk,hpalk14@bloglines.com,Bigender,France
42,Yard,Bohills,ybohills15@joomla.org,Male,Jordan
43,Odella,Roubottom,oroubottom16@java.com,Genderfluid,Gambia
44,Analiese,Pourveer,apourveer17@forbes.com,Non-binary,China
45,Dori,Shevlin,dshevlin18@cnbc.com,Genderfluid,Brazil
46,Sampson,Brownstein,sbrownstein19@gnu.org,Bigender,Poland
47,Hashim,Fenty,hfenty1a@chron.com,Female,North Korea
48,Lorin,Nance,lnance1b@prweb.com,Male,China
49,Regan,Valett,rvalett1c@t-online.de,Non-binary,Philippines
50,Sigismond,Morch,smorch1d@over-blog.com,Bigender,Vietnam
51,Jerrome,Stapells,jstapells1e@webmd.com,Non-binary,Brazil
52,Giselbert,Langan,glangan1f@tinyurl.com,Bigender,Belarus
53,Judon,Devita,jdevita1g@hexun.com,Polygender,French Polynesia
54,Josey,Heisham,jheisham1h@cdbaby.com,Bigender,China
55,Normy,Mattys,nmattys1i@cnbc.com,Bigender,Belarus
56,Sherilyn,Sharnock,ssharnock1j@gov.uk,Genderqueer,Philippines
57,Brock,Mertel,bmertel1k@umich.edu,Genderqueer,Croatia
58,Harry,Leggat,hleggat1l@psu.edu,Non-binary,China
59,Chrissie,Cuell,ccuell1m@nytimes.com,Agender,United States
60,Anestassia,Cocks,acocks1n@nymag.com,Bigender,Canada
61,Cami,O'Noulane,conoulane1o@booking.com,Genderqueer,Russia
62,Edy,Sussans,esussans1p@drupal.org,Male,Portugal
63,Maddi,Chicotti,mchicotti1q@noaa.gov,Agender,China
64,Lawton,Dubock,ldubock1r@netvibes.com,Bigender,France
65,Kermie,Pullin,kpullin1s@google.es,Genderqueer,Malaysia
66,Bevin,Steeples,bsteeples1t@csmonitor.com,Polygender,China
67,Linn,Caustick,lcaustick1u@bigcartel.com,Genderqueer,Russia
68,Winifred,Kiffin,wkiffin1v@mtv.com,Genderqueer,Russia
69,Perren,Ubach,pubach1w@npr.org,Non-binary,Poland
70,Rahal,Pelos,rpelos1x@noaa.gov,Polygender,Japan
71,Clevie,Spier,cspier1y@hc360.com,Bigender,Czech Republic
72,Idalia,Amort,iamort1z@google.co.uk,Non-binary,Sweden
73,Rahal,Lowre,rlowre20@deliciousdays.com,Genderqueer,Ethiopia
74,Libby,Maidlow,lmaidlow21@goo.gl,Polygender,Dominican Republic
75,Willis,Crocroft,wcrocroft22@ucoz.ru,Male,Indonesia
76,Ulises,Dailly,udailly23@w3.org,Male,Brazil
77,Kerrill,Rawsthorne,krawsthorne24@feedburner.com,Agender,China
78,Quincey,Hunday,qhunday25@newyorker.com,Agender,Ukraine
79,Natasha,Peabody,npeabody26@boston.com,Genderqueer,Poland
80,Clem,Lowings,clowings27@usgs.gov,Polygender,China
81,Port,Finn,pfinn28@gmpg.org,Male,Indonesia
82,Karrie,Cowope,kcowope29@alibaba.com,Bigender,Japan
83,Giffie,Guterson,gguterson2a@sakura.ne.jp,Male,Indonesia
84,Karyl,Langelaan,klangelaan2b@networksolutions.com,Female,France
85,Gaultiero,Jaqueminet,gjaqueminet2c@timesonline.co.uk,Bigender,Russia
86,Rickard,Chape,rchape2d@slate.com,Male,Sweden
87,Minta,Malshinger,mmalshinger2e@answers.com,Bigender,Bolivia
88,Lyndell,Pharro,lpharro2f@nsw.gov.au,Genderfluid,France
89,Dredi,Cleobury,dcleobury2g@nytimes.com,Bigender,Madagascar
90,Emlen,Allaker,eallaker2h@oaic.gov.au,Genderqueer,Japan
91,Sanderson,Pendrigh,spendrigh2i@geocities.jp,Genderqueer,Philippines
92,Garnet,Gallahue,ggallahue2j@lycos.com,Genderqueer,Estonia
93,Porter,Ugolini,pugolini2k@lycos.com,Bigender,Samoa
94,Davin,Carter,dcarter2l@posterous.com,Female,Czech Republic
95,Isador,Pechet,ipechet2m@delicious.com,Genderfluid,Sierra Leone
96,Sheffield,Gouthier,sgouthier2n@deliciousdays.com,Bigender,Japan
97,Kylie,Walstow,kwalstow2o@example.com,Agender,Mongolia
98,Tadeo,Duffan,tduffan2p@nasa.gov,Male,Tanzania
99,Sully,Westnedge,swestnedge2q@cloudflare.com,Male,Bulgaria
100,Thorpe,Crickmoor,tcrickmoor2r@de.vu,Agender,Iran
101,Alexine,Grasha,agrasha2s@samsung.com,Bigender,China
102,Kizzee,Slisby,kslisby2t@marriott.com,Female,Norway
103,Clareta,Petrishchev,cpetrishchev2u@webnode.com,Bigender,Japan
104,Llywellyn,Seymark,lseymark2v@reuters.com,Agender,Indonesia
105,Callida,Crowcher,ccrowcher2w@mozilla.org,Female,Slovenia
106,Louella,Bollon,lbollon2x@utexas.edu,Polygender,China
107,Kandace,Goward,kgoward2y@sun.com,Non-binary,Greece
108,Amanda,Lethibridge,alethibridge2z@goo.ne.jp,Non-binary,Vietnam
109,Conant,Obell,cobell30@moonfruit.com,Female,Brazil
110,Eleen,Deyenhardt,edeyenhardt31@weebly.com,Male,Israel
111,Sigismondo,McLukie,smclukie32@typepad.com,Bigender,Italy
112,Marijo,Childrens,mchildrens33@jiathis.com,Male,Canada
113,Orly,Castanho,ocastanho34@nature.com,Genderfluid,Argentina
114,Eb,Blumfield,eblumfield35@nationalgeographic.com,Agender,Albania
115,Flossy,Barefoot,fbarefoot36@umich.edu,Agender,Indonesia
116,Roxie,Treffrey,rtreffrey37@latimes.com,Non-binary,Afghanistan
117,Gussie,Anniwell,ganniwell38@latimes.com,Bigender,Eritrea
118,Alys,Treker,atreker39@diigo.com,Male,China
119,Sybila,Brosh,sbrosh3a@myspace.com,Bigender,Canada
120,Sydel,Luckie,sluckie3b@nbcnews.com,Female,Indonesia
121,Mead,Desforges,mdesforges3c@shareasale.com,Male,Sweden
122,Calley,Ellicock,cellicock3d@google.co.uk,Genderfluid,China
123,Darla,Brithman,dbrithman3e@walmart.com,Male,China
124,Raymund,Wignall,rwignall3f@ox.ac.uk,Male,Indonesia
125,Kimball,Purdon,kpurdon3g@diigo.com,Bigender,Czech Republic
126,Dieter,Proven,dproven3h@un.org,Genderqueer,Peru
127,Homerus,Gandrich,hgandrich3i@networksolutions.com,Genderqueer,Finland
128,Hendrika,Spurgin,hspurgin3j@weebly.com,Bigender,Peru
129,Viviene,Raggett,vraggett3k@nhs.uk,Agender,Jamaica
130,Jehanna,Churchman,jchurchman3l@nbcnews.com,Non-binary,Russia
131,Bo,Kliche,bkliche3m@reddit.com,Non-binary,Mongolia
132,Bradney,Kayley,bkayley3n@paginegialle.it,Male,Afghanistan
133,Katinka,Dommett,kdommett3o@google.com.au,Polygender,Philippines
134,Sydney,Pinnere,spinnere3p@bigcartel.com,Male,Tunisia
135,Marcie,Toone,mtoone3q@phpbb.com,Genderfluid,Philippines
136,Joeann,Wenban,jwenban3r@webmd.com,Female,China
137,Nichole,Spradbery,nspradbery3s@cyberchimps.com,Female,Pakistan
138,Harlen,Tissington,htissington3t@wikispaces.com,Agender,Laos
139,Talia,Lyver,tlyver3u@xinhuanet.com,Polygender,Indonesia
140,Filip,Abisetti,fabisetti3v@washingtonpost.com,Agender,China
141,Elroy,Giraldo,egiraldo3w@ebay.co.uk,Non-binary,China
142,Tracee,Tessington,ttessington3x@twitter.com,Polygender,Israel
143,Morna,Haldane,mhaldane3y@github.com,Agender,Philippines
144,Enriqueta,Olyet,eolyet3z@infoseek.co.jp,Bigender,Philippines
145,Lilyan,Daish,ldaish40@dailymotion.com,Bigender,China
146,Agnes,Boseley,aboseley41@yale.edu,Non-binary,Croatia
147,Giorgi,d'Arcy,gdarcy42@google.com,Genderfluid,Brazil
148,Morty,Matisse,mmatisse43@vk.com,Female,China
149,Calhoun,Beadles,cbeadles44@nbcnews.com,Genderfluid,Norway
150,Marguerite,Pettican,mpettican45@reuters.com,Agender,China
151,Stephine,Blyden,sblyden46@rediff.com,Female,Cuba
152,Carlynne,Bunker,cbunker47@spotify.com,Male,Sweden
153,Ted,Reubens,treubens48@amazon.co.uk,Male,United States
154,Faustine,Paxforde,fpaxforde49@ifeng.com,Polygender,Philippines
155,Denis,Grimbleby,dgrimbleby4a@google.com.br,Non-binary,Peru
156,Bradford,Agott,bagott4b@wikipedia.org,Genderqueer,Philippines
157,Merrielle,McMichell,mmcmichell4c@privacy.gov.au,Female,Azerbaijan
158,Tiphany,Checketts,tchecketts4d@nature.com,Agender,Indonesia
159,Debee,Ilyinykh,dilyinykh4e@google.ca,Female,China
160,Ilka,Ells,iells4f@china.com.cn,Genderqueer,United States
161,Jourdain,Garner,jgarner4g@comsenz.com,Agender,China
162,Lian,Wetherhead,lwetherhead4h@answers.com,Genderqueer,Indonesia
163,Hildy,Bryett,hbryett4i@quantcast.com,Bigender,Iraq
164,Modesta,Allan,mallan4j@unc.edu,Polygender,Nigeria
165,Clarke,Goundsy,cgoundsy4k@apple.com,Polygender,China
166,Tremayne,Redford,tredford4l@seesaa.net,Female,China
167,Ralph,Gratton,rgratton4m@mayoclinic.com,Bigender,Argentina
168,Christophe,Gregol,cgregol4n@apple.com,Non-binary,Poland
169,Felicia,Pattullo,fpattullo4o@indiegogo.com,Genderfluid,China
170,Murielle,Custed,mcusted4p@cornell.edu,Genderqueer,Philippines
171,Raquel,Aldrick,raldrick4q@angelfire.com,Male,Liberia
172,Ki,Tym,ktym4r@nifty.com,Agender,Greece
173,Davina,Pailin,dpailin4s@twitpic.com,Female,Iran
174,Moise,Bolstridge,mbolstridge4t@yale.edu,Bigender,Greece
175,Neel,Gimert,ngimert4u@mlb.com,Bigender,China
176,Garvin,Skepper,gskepper4v@howstuffworks.com,Genderfluid,Russia
177,Edee,Dobbison,edobbison4w@i2i.jp,Female,Bolivia
178,Gerianne,Knok,gknok4x@github.com,Non-binary,Kazakhstan
179,Felice,Lighton,flighton4y@slashdot.org,Bigender,Czech Republic
180,Adria,Scoles,ascoles4z@ebay.co.uk,Bigender,Indonesia
181,Wenonah,Fiske,wfiske50@networksolutions.com,Non-binary,China
182,Angelia,Haggie,ahaggie51@ovh.net,Bigender,China
183,Malynda,Stratz,mstratz52@adobe.com,Agender,Ukraine
184,Roseanne,Glendining,rglendining53@unesco.org,Bigender,Japan
185,Katee,Spillman,kspillman54@arstechnica.com,Bigender,Russia
186,Tad,Furtado,tfurtado55@hatena.ne.jp,Genderfluid,China
187,Dimitry,Offin,doffin56@theatlantic.com,Male,Poland
188,Sarena,Allnutt,sallnutt57@adobe.com,Genderfluid,China
189,Wyndham,McPike,wmcpike58@over-blog.com,Genderqueer,Russia
190,Dore,Kadar,dkadar59@eventbrite.com,Non-binary,Guatemala
191,Frank,McNeilly,fmcneilly5a@wufoo.com,Male,Indonesia
192,Kelley,Dommersen,kdommersen5b@examiner.com,Non-binary,Norway
193,Grazia,Arrandale,garrandale5c@is.gd,Agender,Indonesia
194,Hieronymus,Khoter,hkhoter5d@woothemes.com,Non-binary,China
195,Nedi,Hallwell,nhallwell5e@sohu.com,Polygender,China
196,Jo,Foker,jfoker5f@amazon.co.uk,Female,China
197,Tanya,Serrurier,tserrurier5g@pcworld.com,Non-binary,Peru
198,Marwin,Howley,mhowley5h@ihg.com,Female,Russia
199,Ulysses,Vosse,uvosse5i@usgs.gov,Genderqueer,Malaysia
200,Lia,Rainsbury,lrainsbury5j@ted.com,Agender,United States
201,Eugine,Vinall,evinall5k@admin.ch,Male,China
202,Melisandra,Shailer,mshailer5l@mediafire.com,Bigender,Brazil
203,Harriette,St. Leger,hstleger5m@amazon.co.uk,Polygender,Vietnam
204,Dulciana,Corradini,dcorradini5n@fotki.com,Genderqueer,Peru
205,Yank,Hazzard,yhazzard5o@facebook.com,Female,Russia
206,Yvonne,Tong,ytong5p@hao123.com,Genderfluid,Dominican Republic
207,Rosabel,Manske,rmanske5q@redcross.org,Genderfluid,Japan
208,Suzette,Feavyour,sfeavyour5r@last.fm,Male,Portugal
209,Hirsch,Teese,hteese5s@google.com.hk,Bigender,Dominican Republic
210,Elizabet,Teek,eteek5t@sfgate.com,Genderfluid,Sweden
211,Bette-ann,Jindra,bjindra5u@apple.com,Genderqueer,France
212,Reyna,Harrap,rharrap5v@jalbum.net,Female,Vietnam
213,Wenda,Marqyes,wmarqyes5w@github.com,Bigender,Indonesia
214,Mariel,Camble,mcamble5x@examiner.com,Bigender,Thailand
215,Missie,Bezzant,mbezzant5y@zdnet.com,Genderfluid,France
216,Mayer,Campbell-Dunlop,mcampbelldunlop5z@google.pl,Bigender,Canada
217,Inna,Stroband,istroband60@cloudflare.com,Female,Portugal
218,Eberhard,Puleque,epuleque61@yellowpages.com,Female,China
219,Alon,Shillitoe,ashillitoe62@goodreads.com,Bigender,Nigeria
220,Jackie,Inglefield,jinglefield63@techcrunch.com,Female,Ukraine
221,Avrit,O'Leagham,aoleagham64@kickstarter.com,Agender,Portugal
222,Claudianus,Malcolmson,cmalcolmson65@oaic.gov.au,Male,Indonesia
223,Randi,Eloi,reloi66@mozilla.org,Genderqueer,China
224,Dallas,Halburton,dhalburton67@miitbeian.gov.cn,Genderqueer,China
225,Emory,Draude,edraude68@netscape.com,Genderfluid,China
226,Alys,Batalle,abatalle69@cisco.com,Female,China
227,Floris,Bage,fbage6a@netscape.com,Polygender,Philippines
228,Constantine,Loghan,cloghan6b@infoseek.co.jp,Agender,Colombia
229,Genevra,Kuschke,gkuschke6c@quantcast.com,Male,Peru
230,Gerry,Bernardin,gbernardin6d@nature.com,Bigender,Honduras
231,Delila,Yakebovitch,dyakebovitch6e@springer.com,Agender,Brazil
232,Kilian,Zanolli,kzanolli6f@wikimedia.org,Female,China
233,Phillipe,Locks,plocks6g@walmart.com,Polygender,Philippines
234,Carter,Dallender,cdallender6h@ucsd.edu,Bigender,Sweden
235,Tony,Springell,tspringell6i@yolasite.com,Male,China
236,Karyl,Pointing,kpointing6j@microsoft.com,Female,Thailand
237,Germaine,Brahm,gbrahm6k@gov.uk,Polygender,China
238,Cary,Hutchings,chutchings6l@mashable.com,Agender,Philippines
239,Lydie,Fogt,lfogt6m@statcounter.com,Genderqueer,Indonesia
240,Nathanil,Hatfield,nhatfield6n@pen.io,Bigender,Honduras
241,Chrissy,Nendick,cnendick6o@skype.com,Non-binary,Sweden
242,Morly,Banbrick,mbanbrick6p@sina.com.cn,Female,Mali
243,Tomlin,O'Connolly,toconnolly6q@g.co,Male,Brazil
244,Charlot,Prestwich,cprestwich6r@tuttocitta.it,Bigender,Japan
245,Raphaela,Pyzer,rpyzer6s@livejournal.com,Male,Latvia
246,Caesar,Bridell,cbridell6t@alibaba.com,Polygender,Afghanistan
247,Melamie,Kording,mkording6u@blogs.com,Bigender,China
248,Dasi,Razoux,drazoux6v@bizjournals.com,Genderqueer,Portugal
249,Wyatt,Jerwood,wjerwood6w@wufoo.com,Polygender,Indonesia
250,Michele,Cundey,mcundey6x@webs.com,Female,Brazil
251,Thebault,Gaytor,tgaytor6y@buzzfeed.com,Polygender,Indonesia
252,Jacklyn,Heinreich,jheinreich6z@creativecommons.org,Bigender,South Africa
253,Titus,Leyman,tleyman70@blogs.com,Female,Russia
254,Lorine,Jirasek,ljirasek71@wikimedia.org,Bigender,China
255,Harp,Sauvain,hsauvain72@usgs.gov,Bigender,Czech Republic
256,Karrie,Hearfield,khearfield73@mashable.com,Non-binary,Japan
257,Jehu,Wycherley,jwycherley74@blogs.com,Bigender,Argentina
258,Maynord,Gitsham,mgitsham75@foxnews.com,Male,United States
259,Jody,Cutchey,jcutchey76@craigslist.org,Male,Czech Republic
260,Akim,Boleyn,aboleyn77@tamu.edu,Bigender,France
261,Angeli,Skeates,askeates78@deliciousdays.com,Genderfluid,Japan
262,Kylynn,Stowell,kstowell79@geocities.com,Genderqueer,China
263,Cheri,Dudhill,cdudhill7a@xing.com,Male,Portugal
264,Cristian,Reyna,creyna7b@sina.com.cn,Polygender,Sweden
265,Fanni,Grieg,fgrieg7c@ucoz.com,Genderqueer,Portugal
266,Verney,Gillis,vgillis7d@mashable.com,Male,Burundi
267,Vikky,Furbank,vfurbank7e@alibaba.com,Genderfluid,China
268,Phebe,Osman,posman7f@naver.com,Genderfluid,France
269,Lorrie,Blackman,lblackman7g@cornell.edu,Genderqueer,Vietnam
270,Caria,Costard,ccostard7h@chron.com,Genderqueer,Greece
271,Reidar,Crosi,rcrosi7i@posterous.com,Genderqueer,Czech Republic
272,Bordy,Pow,bpow7j@mapquest.com,Genderfluid,Italy
273,Harper,Tungay,htungay7k@amazon.co.jp,Non-binary,Indonesia
274,Kial,Liggins,kliggins7l@google.com.hk,Polygender,Peru
275,Cecelia,Houndson,choundson7m@gov.uk,Non-binary,Italy
276,Brannon,Bleackly,bbleackly7n@angelfire.com,Non-binary,China
277,Mickie,Garrit,mgarrit7o@comcast.net,Genderqueer,Ukraine
278,Mada,Cabotto,mcabotto7p@hubpages.com,Genderfluid,Sweden
279,Truman,Wayne,twayne7q@wix.com,Bigender,Indonesia
280,Niccolo,Keohane,nkeohane7r@over-blog.com,Male,China
281,Maximilianus,Drinkale,mdrinkale7s@census.gov,Agender,France
282,Nonna,Hendrik,nhendrik7t@techcrunch.com,Genderfluid,Colombia
283,Elvis,Callingham,ecallingham7u@jiathis.com,Polygender,China
284,Blakeley,Mayfield,bmayfield7v@eepurl.com,Genderfluid,Argentina
285,Bren,Esterbrook,besterbrook7w@ihg.com,Female,Greece
286,Brnaba,Brann,bbrann7x@ihg.com,Female,Madagascar
287,Boycie,Minguet,bminguet7y@w3.org,Male,Philippines
288,Devina,Lung,dlung7z@hostgator.com,Genderqueer,Mexico
289,Carree,Robertet,crobertet80@github.com,Genderfluid,Ukraine
290,Wrennie,Huggon,whuggon81@paginegialle.it,Bigender,Nigeria
291,Karrie,Trapp,ktrapp82@prweb.com,Agender,Ecuador
292,Hephzibah,Swainger,hswainger83@army.mil,Female,Poland
293,Lockwood,Gummery,lgummery84@engadget.com,Male,China
294,Dianne,McNeigh,dmcneigh85@blogtalkradio.com,Polygender,Indonesia
295,Merralee,Peers,mpeers86@yolasite.com,Polygender,Iran
296,Milli,Tolan,mtolan87@sun.com,Genderqueer,Philippines
297,Noe,Sipson,nsipson88@networkadvertising.org,Bigender,United States
298,Shellysheldon,Shakesby,sshakesby89@ebay.com,Male,Slovenia
299,Kassey,Hempel,khempel8a@phpbb.com,Polygender,Panama
300,Marion,Pape,mpape8b@360.cn,Male,Russia
301,Yance,Astill,yastill8c@google.co.uk,Female,Ukraine
302,Emmet,Kynan,ekynan8d@globo.com,Agender,Greece
303,Adeline,Enser,aenser8e@msn.com,Genderqueer,Kazakhstan
304,Warden,Garret,wgarret8f@japanpost.jp,Polygender,France
305,Shea,Sylett,ssylett8g@photobucket.com,Male,France
306,Dilan,Jeffrey,djeffrey8h@wikispaces.com,Female,Norway
307,Sophie,Brantzen,sbrantzen8i@xing.com,Agender,Zimbabwe
308,Chloe,Eyckel,ceyckel8j@ask.com,Agender,China
309,Jan,McGeechan,jmcgeechan8k@sourceforge.net,Female,China
310,Vachel,Gemelli,vgemelli8l@google.nl,Non-binary,Afghanistan
311,Dianne,Trusse,dtrusse8m@instagram.com,Genderfluid,Pakistan
312,Flori,Agglione,fagglione8n@free.fr,Polygender,United States
313,Blakelee,Hesey,bhesey8o@example.com,Non-binary,Argentina
314,Salli,Celli,scelli8p@businesswire.com,Polygender,Argentina
315,Cecil,MacCrackan,cmaccrackan8q@qq.com,Bigender,Israel
316,Shaun,Adderson,sadderson8r@blog.com,Male,Pakistan
317,Shaughn,Rabjohns,srabjohns8s@webs.com,Male,Yemen
318,Shanna,Pes,spes8t@angelfire.com,Genderqueer,Japan
319,Joelie,Sinfield,jsinfield8u@microsoft.com,Female,Japan
320,Walker,Macieiczyk,wmacieiczyk8v@gov.uk,Bigender,Guatemala
321,Florida,Chadwen,fchadwen8w@arstechnica.com,Polygender,Puerto Rico
322,Jaquith,Boothe,jboothe8x@cam.ac.uk,Non-binary,France
323,Napoleon,Allison,nallison8y@patch.com,Polygender,Nigeria
324,Angy,Foulger,afoulger8z@theguardian.com,Female,Brazil
325,Marian,Knivett,mknivett90@com.com,Genderfluid,China
326,Darda,Wressell,dwressell91@independent.co.uk,Female,Japan
327,Alaster,McInally,amcinally92@nymag.com,Polygender,Germany
328,Lyndy,Jendrassik,ljendrassik93@nytimes.com,Genderfluid,Malaysia
329,Rochette,Tatteshall,rtatteshall94@nhs.uk,Non-binary,Poland
330,Caressa,Melsome,cmelsome95@rambler.ru,Agender,Russia
331,Teressa,Burlingame,tburlingame96@ow.ly,Genderfluid,Bulgaria
332,Winnie,McCallam,wmccallam97@list-manage.com,Bigender,Japan
333,Skippie,Philcock,sphilcock98@vkontakte.ru,Polygender,Slovenia
334,Hillard,Azam,hazam99@wordpress.com,Polygender,Russia
335,Jacinthe,Cottisford,jcottisford9a@istockphoto.com,Bigender,Indonesia
336,Seana,Handy,shandy9b@discuz.net,Non-binary,Philippines
337,Sarine,Ensley,sensley9c@europa.eu,Agender,Brazil
338,Stormi,Salway,ssalway9d@cocolog-nifty.com,Genderqueer,Argentina
339,Zsazsa,Bullon,zbullon9e@about.com,Genderqueer,Czech Republic
340,Ilsa,Hentzer,ihentzer9f@list-manage.com,Bigender,Austria
341,Sunny,Drust,sdrust9g@lulu.com,Polygender,United States
342,Grove,Gamble,ggamble9h@php.net,Polygender,Portugal
343,Olivier,Myerscough,omyerscough9i@google.co.jp,Polygender,Sweden
344,Robers,Ciccottini,rciccottini9j@cmu.edu,Genderfluid,Malaysia
345,Vladamir,Forsard,vforsard9k@de.vu,Polygender,China
346,Milka,Shawyer,mshawyer9l@hud.gov,Agender,Brazil
347,Rog,Dodding,rdodding9m@eventbrite.com,Male,France
348,Codie,Cufflin,ccufflin9n@craigslist.org,Female,Indonesia
349,Ferdinand,Fenelon,ffenelon9o@ocn.ne.jp,Female,Vietnam
350,Tara,Ravens,travens9p@sitemeter.com,Agender,China
351,Andee,Formilli,aformilli9q@pbs.org,Polygender,Ukraine
352,Somerset,Brouard,sbrouard9r@gmpg.org,Female,Tanzania
353,Trenton,Morland,tmorland9s@phpbb.com,Male,Cuba
354,Brittany,Kirlin,bkirlin9t@mit.edu,Non-binary,Brazil
355,Corinna,Daniell,cdaniell9u@ted.com,Polygender,Norway
356,Zarla,Klejin,zklejin9v@yandex.ru,Genderqueer,Russia
357,Otto,Rubinsky,orubinsky9w@meetup.com,Polygender,Nigeria
358,Clyde,Spivie,cspivie9x@infoseek.co.jp,Polygender,Israel
359,Perrine,Avieson,pavieson9y@list-manage.com,Female,Portugal
360,Joby,Pitkaithly,jpitkaithly9z@google.de,Genderqueer,Canada
361,Natalya,McKinnon,nmckinnona0@google.pl,Polygender,Guam
362,Dominica,Baccus,dbaccusa1@nba.com,Agender,Macedonia
363,Sigfried,Cooling,scoolinga2@squidoo.com,Male,Bangladesh
364,Brew,Copsey,bcopseya3@ycombinator.com,Agender,Colombia
365,Louie,Cossar,lcossara4@nps.gov,Non-binary,Peru
366,Orelee,Mieville,omievillea5@umich.edu,Genderqueer,Western Sahara
367,Katee,Stockley,kstockleya6@wiley.com,Male,Bulgaria
368,Gerrie,Pomfrey,gpomfreya7@nbcnews.com,Male,Bahrain
369,Rip,Kernaghan,rkernaghana8@noaa.gov,Female,Japan
370,Margarete,Ingerson,mingersona9@diigo.com,Male,Yemen
371,Roxy,Tures,rturesaa@si.edu,Genderqueer,China
372,Sapphira,Elcombe,selcombeab@cargocollective.com,Genderfluid,Malta
373,Whit,Bento,wbentoac@nhs.uk,Genderqueer,China
374,Abrahan,Burgoin,aburgoinad@printfriendly.com,Female,Indonesia
375,Alameda,Coale,acoaleae@gnu.org,Male,Chile
376,Cassandry,Lovett,clovettaf@taobao.com,Female,China
377,Julissa,Keele,jkeeleag@yahoo.co.jp,Female,Malaysia
378,Cassaundra,Iglesia,ciglesiaah@digg.com,Genderqueer,Indonesia
379,Arlan,Kayes,akayesai@amazon.de,Bigender,Indonesia
380,Zea,Bullon,zbullonaj@pagesperso-orange.fr,Non-binary,Poland
381,Hugibert,Sollon,hsollonak@psu.edu,Female,Indonesia
382,Briano,Fernehough,bfernehoughal@ihg.com,Agender,Poland
383,Rockie,Ruddell,rruddellam@ning.com,Non-binary,Portugal
384,Esther,Bryceson,ebrycesonan@wikia.com,Polygender,China
385,Saw,Vasse,svasseao@twitpic.com,Genderfluid,Brazil
386,Layton,Battelle,lbattelleap@mtv.com,Male,Canada
387,Ebba,Thick,ethickaq@sfgate.com,Male,Japan
388,Aguste,Brocklebank,abrocklebankar@usa.gov,Genderfluid,China
389,Innis,Sotham,isothamas@jigsy.com,Genderfluid,Philippines
390,Gretna,Pluvier,gpluvierat@wufoo.com,Female,Thailand
391,Ariadne,Hullah,ahullahau@forbes.com,Genderfluid,Yemen
392,Harrietta,Bowmaker,hbowmakerav@slate.com,Polygender,China
393,Eldridge,Accomb,eaccombaw@webeden.co.uk,Genderfluid,Czech Republic
394,Howard,St Pierre,hstpierreax@over-blog.com,Female,North Korea
395,Fayina,Esch,feschay@ning.com,Genderqueer,Japan
396,Barnaby,Stichall,bstichallaz@123-reg.co.uk,Female,Dominican Republic
397,Westley,Toplis,wtoplisb0@moonfruit.com,Agender,Indonesia
398,Queenie,Laval,qlavalb1@adobe.com,Genderfluid,Indonesia
399,Harald,Malshinger,hmalshingerb2@house.gov,Polygender,Indonesia
400,Joyann,Counihan,jcounihanb3@sciencedirect.com,Genderfluid,Thailand
401,Lexi,Draude,ldraudeb4@github.com,Bigender,Portugal
402,Kelcie,Swinerd,kswinerdb5@wiley.com,Agender,Canada
403,Cornie,Menichi,cmenichib6@last.fm,Polygender,Philippines
404,Maurise,Parfitt,mparfittb7@stumbleupon.com,Non-binary,Sweden
405,Casey,Storey,cstoreyb8@latimes.com,Polygender,China
406,Adelheid,Giraudo,agiraudob9@wisc.edu,Male,Brazil
407,Fara,Benian,fbenianba@mozilla.com,Non-binary,China
408,Glen,Anelay,ganelaybb@dailymail.co.uk,Female,Poland
409,Grenville,Thirlwell,gthirlwellbc@livejournal.com,Male,France
410,Greer,Cousin,gcousinbd@va.gov,Agender,Pakistan
411,Eilis,Lauridsen,elauridsenbe@tripod.com,Agender,South Korea
412,Augustine,Palmer,apalmerbf@woothemes.com,Agender,Costa Rica
413,Jacquelin,Brashier,jbrashierbg@yahoo.com,Non-binary,China
414,Mic,Reitenbach,mreitenbachbh@answers.com,Genderqueer,China
415,Randy,Fenby,rfenbybi@theglobeandmail.com,Agender,Brazil
416,Alexander,Leeke,aleekebj@bbb.org,Genderfluid,Thailand
417,Raymund,Breming,rbremingbk@networksolutions.com,Bigender,Bosnia and Herzegovina
418,Angelita,Phidgin,aphidginbl@si.edu,Polygender,Russia
419,Daniele,Maddock,dmaddockbm@ebay.co.uk,Non-binary,Indonesia
420,Elnore,Sprosson,esprossonbn@fastcompany.com,Male,China
421,Lulu,Bicknell,lbicknellbo@joomla.org,Agender,Poland
422,Maxie,Darnbrough,mdarnbroughbp@booking.com,Female,Ukraine
423,Kamilah,Quinsee,kquinseebq@ycombinator.com,Genderqueer,China
424,Rennie,Blanning,rblanningbr@dagondesign.com,Genderqueer,Colombia
425,Porty,Van den Broek,pvandenbroekbs@cyberchimps.com,Polygender,Jamaica
426,Kincaid,Elflain,kelflainbt@deliciousdays.com,Bigender,Indonesia
427,Archibold,Waddingham,awaddinghambu@issuu.com,Agender,Russia
428,Rex,McLarens,rmclarensbv@theguardian.com,Genderqueer,China
429,Scot,Dahmke,sdahmkebw@nih.gov,Bigender,Ukraine
430,Duffie,Wardesworth,dwardesworthbx@accuweather.com,Polygender,China
431,Hyatt,Tilio,htilioby@chronoengine.com,Agender,Czech Republic
432,Romona,Dot,rdotbz@aboutads.info,Polygender,Russia
433,Del,Chasson,dchassonc0@flickr.com,Male,China
434,Skip,Dureden,sduredenc1@hao123.com,Bigender,China
435,Alisun,McKevany,amckevanyc2@tmall.com,Bigender,Samoa
436,Emmery,Novik,enovikc3@delicious.com,Genderfluid,China
437,Lucio,Ughi,lughic4@tamu.edu,Male,China
438,Sacha,Leatherland,sleatherlandc5@usa.gov,Female,Nigeria
439,Aryn,Milburne,amilburnec6@marriott.com,Polygender,China
440,Ruthann,Paff,rpaffc7@zimbio.com,Genderqueer,Indonesia
441,Leigha,Withinshaw,lwithinshawc8@examiner.com,Non-binary,Dominican Republic
442,Fran,Abbotson,fabbotsonc9@nasa.gov,Polygender,China
443,Gabriel,Knivett,gknivettca@sphinn.com,Female,China
444,Karia,Bouts,kboutscb@google.nl,Polygender,Indonesia
445,Ddene,Mollett,dmollettcc@mapy.cz,Genderqueer,Brazil
446,Marijn,Moyse,mmoysecd@unc.edu,Non-binary,China
447,Caron,MacMillan,cmacmillance@accuweather.com,Non-binary,Philippines
448,Gerek,Elfe,gelfecf@ucoz.com,Male,Indonesia
449,Gerhardt,Ollivierre,gollivierrecg@miitbeian.gov.cn,Non-binary,United States
450,Hersch,Norrey,hnorreych@webs.com,Female,Indonesia
451,Sal,Eastgate,seastgateci@studiopress.com,Genderfluid,China
452,Selig,Fellows,sfellowscj@irs.gov,Bigender,Kosovo
453,Carny,Ebunoluwa,cebunoluwack@imgur.com,Male,Germany
454,Linus,Zoppie,lzoppiecl@yahoo.com,Bigender,China
455,Andee,Dudden,aduddencm@mit.edu,Agender,Portugal
456,Manfred,Bridel,mbridelcn@nyu.edu,Non-binary,France
457,Ynez,Moncey,ymonceyco@globo.com,Polygender,Germany
458,Sibbie,Honisch,shonischcp@facebook.com,Non-binary,United States
459,Bunni,Daniau,bdaniaucq@usda.gov,Male,Russia
460,Benedick,Rumble,brumblecr@time.com,Bigender,Brazil
461,Gawain,Enderby,genderbycs@auda.org.au,Genderqueer,Russia
462,Gina,Riedel,griedelct@foxnews.com,Genderfluid,Tanzania
463,Fallon,Harriot,fharriotcu@admin.ch,Genderqueer,Taiwan
464,Mateo,Mackney,mmackneycv@ibm.com,Agender,Kazakhstan
465,Duncan,Gormally,dgormallycw@state.gov,Male,Dominican Republic
466,Lin,Rimell,lrimellcx@smugmug.com,Male,Tunisia
467,Suki,Chedzoy,schedzoycy@homestead.com,Genderqueer,Czech Republic
468,Ondrea,Bruggeman,obruggemancz@ezinearticles.com,Non-binary,Brazil
469,Aloysius,MacDwyer,amacdwyerd0@miibeian.gov.cn,Bigender,Czech Republic
470,Massimiliano,Antognoni,mantognonid1@linkedin.com,Polygender,Serbia
471,Lavina,Aireton,lairetond2@nba.com,Polygender,Russia
472,Tatiania,Perham,tperhamd3@mapy.cz,Genderfluid,France
473,Raine,Spray,rsprayd4@tinyurl.com,Bigender,Ivory Coast
474,Wadsworth,Anderton,wandertond5@tiny.cc,Non-binary,Indonesia
475,Eveline,Thirlaway,ethirlawayd6@delicious.com,Polygender,Indonesia
476,Yevette,McPhillimey,ymcphillimeyd7@meetup.com,Non-binary,Greece
477,Dennis,Basilio,dbasiliod8@meetup.com,Female,Peru
478,Lonnard,Kembry,lkembryd9@army.mil,Agender,Indonesia
479,Eve,Riditch,eriditchda@netlog.com,Female,Indonesia
480,Gaultiero,Mitten,gmittendb@usgs.gov,Female,Indonesia
481,Vanni,Oswell,voswelldc@cyberchimps.com,Agender,Thailand
482,Leeann,Demer,ldemerdd@ucoz.ru,Genderfluid,Kazakhstan
483,Lucias,Adenet,ladenetde@imgur.com,Genderfluid,China
484,Raphaela,Cammish,rcammishdf@reuters.com,Non-binary,Philippines
485,Rufe,Scandrite,rscandritedg@webnode.com,Genderfluid,Russia
486,Duncan,Armstead,darmsteaddh@jimdo.com,Genderfluid,Russia
487,Kathi,Finci,kfincidi@people.com.cn,Male,Indonesia
488,Kellina,Storkes,kstorkesdj@redcross.org,Bigender,China
489,Victoria,McDonell,vmcdonelldk@about.com,Genderfluid,France
490,Carilyn,Acott,cacottdl@reddit.com,Non-binary,China
491,Kile,Mulqueeny,kmulqueenydm@yandex.ru,Genderfluid,Ukraine
492,Ninette,Pettiford,npettiforddn@rambler.ru,Bigender,Ukraine
493,Elisabet,Nann,enanndo@google.es,Bigender,Indonesia
494,Denney,Tweedie,dtweediedp@hatena.ne.jp,Agender,China
495,Randell,Brice,rbricedq@yelp.com,Female,Panama
496,Flossie,Graveney,fgraveneydr@independent.co.uk,Polygender,Portugal
497,Tiena,Zorener,tzorenerds@intel.com,Non-binary,New Zealand
498,Cheston,Calley,ccalleydt@blog.com,Female,China
499,Marshal,Penwright,mpenwrightdu@ameblo.jp,Female,China
500,Jemie,Tagg,jtaggdv@1688.com,Female,Bolivia
501,Reeba,Gentreau,rgentreaudw@mtv.com,Female,Poland
502,Ronny,Lavrinov,rlavrinovdx@geocities.jp,Polygender,Tunisia
503,Saba,Mawman,smawmandy@mlb.com,Genderfluid,Ukraine
504,Wanda,Sattin,wsattindz@mysql.com,Polygender,China
505,Elwira,Graith,egraithe0@nih.gov,Male,Colombia
506,Antoinette,Milstead,amilsteade1@ovh.net,Non-binary,Colombia
507,Colette,Boules,cboulese2@angelfire.com,Female,China
508,Sammie,holmes,sholmese3@wiley.com,Genderqueer,China
509,Gale,Pretorius,gpretoriuse4@tripadvisor.com,Female,Indonesia
510,Loreen,Rosario,lrosarioe5@hostgator.com,Male,Philippines
511,Phillipe,Tinkler,ptinklere6@rambler.ru,Male,Canada
512,Lisette,Carriage,lcarriagee7@delicious.com,Non-binary,Poland
513,Tawsha,Braxay,tbraxaye8@alexa.com,Male,China
514,Kessiah,Dredge,kdredgee9@nytimes.com,Non-binary,Poland
515,Lois,Louys,llouysea@jugem.jp,Female,Uzbekistan
516,Malachi,De Ambrosis,mdeambrosiseb@naver.com,Male,Greece
517,Carly,Eykelbosch,ceykelboschec@nps.gov,Genderqueer,Indonesia
518,Angeli,Bland,ablanded@omniture.com,Female,Armenia
519,Erek,Bernini,eberniniee@liveinternet.ru,Male,Malta
520,Ira,Ramstead,iramsteadef@jugem.jp,Non-binary,Syria
521,Car,Orknay,corknayeg@uiuc.edu,Male,China
522,Ambrosio,Brookz,abrookzeh@ucsd.edu,Agender,Czech Republic
523,Vernen,Shapcott,vshapcottei@google.es,Male,Russia
524,Elsey,Gilbee,egilbeeej@usda.gov,Non-binary,Ireland
525,Johnathon,Kmieciak,jkmieciakek@chronoengine.com,Genderfluid,Bulgaria
526,Garek,Owbrick,gowbrickel@wsj.com,Bigender,Ecuador
527,Latashia,Ferrers,lferrersem@auda.org.au,Polygender,Indonesia
528,Penny,Clawley,pclawleyen@example.com,Genderqueer,Indonesia
529,Francesco,Pyott,fpyotteo@geocities.com,Female,Germany
530,Cheryl,Vinnicombe,cvinnicombeep@alexa.com,Male,China
531,Bessie,Gascoyne,bgascoyneeq@blogs.com,Genderqueer,Afghanistan
532,Alexis,Paul,apauler@senate.gov,Male,China
533,Nathanael,Polet,npoletes@unc.edu,Genderqueer,Russia
534,Doralyn,Davidavidovics,ddavidavidovicset@jimdo.com,Male,China
535,Ethel,Turmell,eturmelleu@cbc.ca,Genderfluid,Mexico
536,Rog,Gartery,rgarteryev@princeton.edu,Female,Colombia
537,Licha,Shelliday,lshellidayew@chron.com,Non-binary,Philippines
538,Desdemona,Al Hirsi,dalhirsiex@digg.com,Polygender,Brazil
539,Lorin,Gallemore,lgallemoreey@reddit.com,Genderqueer,Brazil
540,Angil,Arnaut,aarnautez@patch.com,Bigender,Greece
541,Audra,Gaythor,agaythorf0@webs.com,Polygender,China
542,Faye,Crowden,fcrowdenf1@fotki.com,Polygender,Philippines
543,Dermot,Fogg,dfoggf2@xinhuanet.com,Agender,Poland
544,Jamill,Cassey,jcasseyf3@example.com,Bigender,Democratic Republic of the Congo
545,Charita,McNutt,cmcnuttf4@upenn.edu,Female,Mexico
546,Florie,Aymerich,faymerichf5@icio.us,Polygender,Brazil
547,Nettie,Doran,ndoranf6@desdev.cn,Genderqueer,China
548,Lilly,Sidey,lsideyf7@samsung.com,Female,Philippines
549,Ashli,Hackwell,ahackwellf8@chronoengine.com,Agender,Canada
550,Ammamaria,McAllaster,amcallasterf9@samsung.com,Male,Pakistan
551,Linn,Strover,lstroverfa@amazon.com,Non-binary,China
552,Blakeley,Streatley,bstreatleyfb@bbb.org,Genderqueer,Russia
553,Blane,Mounsey,bmounseyfc@wired.com,Genderqueer,Ukraine
554,Agnesse,Lamacraft,alamacraftfd@sohu.com,Polygender,Argentina
555,Tobin,Jinks,tjinksfe@google.ca,Bigender,China
556,Eveleen,Garden,egardenff@google.pl,Genderfluid,France
557,Kim,Tevlin,ktevlinfg@globo.com,Male,Portugal
558,Hy,Barbrook,hbarbrookfh@bbb.org,Male,Pakistan
559,Rubin,Brobeck,rbrobeckfi@shutterfly.com,Polygender,Poland
560,Silvanus,MacCafferky,smaccafferkyfj@google.fr,Bigender,Ireland
561,Yolande,Ingilson,yingilsonfk@who.int,Genderfluid,Finland
562,Prince,Patillo,ppatillofl@privacy.gov.au,Male,China
563,Mariya,Master,mmasterfm@1und1.de,Genderqueer,Estonia
564,Dita,Klos,dklosfn@hatena.ne.jp,Male,Croatia
565,Marlee,Matovic,mmatovicfo@stumbleupon.com,Female,Cambodia
566,Sherman,Fairrie,sfairriefp@cdbaby.com,Agender,Portugal
567,Chad,Poxton,cpoxtonfq@jiathis.com,Male,Indonesia
568,Bonni,Aingell,baingellfr@w3.org,Male,Uruguay
569,Colette,Ambroix,cambroixfs@bandcamp.com,Female,United Kingdom
570,Aveline,Vinton,avintonft@paginegialle.it,Bigender,China
571,Kelwin,Bleakley,kbleakleyfu@joomla.org,Female,Armenia
572,Thane,Primmer,tprimmerfv@eepurl.com,Female,Sweden
573,Jade,Blackall,jblackallfw@miitbeian.gov.cn,Polygender,Brazil
574,Hilary,Kingswell,hkingswellfx@nydailynews.com,Female,Indonesia
575,Tan,Branca,tbrancafy@google.cn,Agender,Niger
576,Aldo,Warin,awarinfz@mtv.com,Genderqueer,Norway
577,Eunice,Ennor,eennorg0@altervista.org,Genderqueer,Indonesia
578,Bradan,Arunowicz,barunowiczg1@sohu.com,Non-binary,China
579,Jill,Haldin,jhalding2@php.net,Agender,Thailand
580,Arlyn,Laux,alauxg3@bandcamp.com,Agender,China
581,Daphene,Truluck,dtruluckg4@geocities.jp,Agender,Sweden
582,Marthena,Roots,mrootsg5@facebook.com,Genderqueer,Argentina
583,Giulietta,Colnet,gcolnetg6@discuz.net,Female,Macedonia
584,Iggie,Heasman,iheasmang7@marriott.com,Female,Sweden
585,Merrick,Stevings,mstevingsg8@printfriendly.com,Non-binary,Portugal
586,King,Bindley,kbindleyg9@quantcast.com,Agender,Syria
587,Pieter,Malatalant,pmalatalantga@t-online.de,Bigender,Philippines
588,Dodie,Spratley,dspratleygb@mashable.com,Bigender,Belarus
589,Oates,Yesenev,oyesenevgc@jimdo.com,Non-binary,Portugal
590,Cynthea,Sadlier,csadliergd@mayoclinic.com,Male,China
591,Yurik,Beining,ybeiningge@omniture.com,Genderqueer,Japan
592,Venus,Kraft,vkraftgf@rambler.ru,Polygender,China
593,Augustin,Werny,awernygg@cnbc.com,Female,Russia
594,Genny,Yurenev,gyurenevgh@sohu.com,Female,Canada
595,Steffen,Crix,scrixgi@purevolume.com,Genderqueer,Poland
596,Regina,Kennsley,rkennsleygj@uiuc.edu,Polygender,Vietnam
597,Zacherie,Abramovicz,zabramoviczgk@harvard.edu,Male,Canada
598,Iain,Spiller,ispillergl@mapquest.com,Male,Albania
599,Evanne,Blayney,eblayneygm@si.edu,Genderfluid,Poland
600,Phyllida,Ivy,pivygn@networksolutions.com,Male,China
601,Neda,Brandenberg,nbrandenberggo@hp.com,Female,Uruguay
602,May,Glowacha,mglowachagp@newyorker.com,Non-binary,Libya
603,Alfons,Cressey,acresseygq@furl.net,Non-binary,South Africa
604,Hank,Hedworth,hhedworthgr@1688.com,Polygender,Egypt
605,Georgia,De Carteret,gdecarteretgs@ow.ly,Genderqueer,Malaysia
606,Ives,Colvill,icolvillgt@vistaprint.com,Agender,Russia
607,Trace,Goare,tgoaregu@scientificamerican.com,Genderqueer,Lithuania
608,Rafaellle,Cobain,rcobaingv@businesswire.com,Genderqueer,Netherlands
609,Garland,Finnis,gfinnisgw@a8.net,Genderqueer,Indonesia
610,Ciro,Doll,cdollgx@typepad.com,Genderqueer,France
611,Margy,McGraith,mmcgraithgy@soundcloud.com,Agender,Greece
612,Belle,Boutcher,bboutchergz@unc.edu,Genderfluid,Russia
613,Bonni,Mabbs,bmabbsh0@fastcompany.com,Non-binary,Czech Republic
614,Benjamin,Dinis,bdinish1@spotify.com,Genderqueer,Pakistan
615,Korella,Lifsey,klifseyh2@shutterfly.com,Genderfluid,France
616,Freeman,Kersaw,fkersawh3@dropbox.com,Male,China
617,Peggie,Hoff,phoffh4@gizmodo.com,Agender,China
618,Marshall,Beane,mbeaneh5@123-reg.co.uk,Genderfluid,China
619,Noel,Morley,nmorleyh6@businesswire.com,Male,Russia
620,Culver,Lodin,clodinh7@dot.gov,Non-binary,Thailand
621,Ginnie,Flemmich,gflemmichh8@google.co.uk,Male,Afghanistan
622,Artemus,Hilhouse,ahilhouseh9@hostgator.com,Non-binary,Japan
623,Abbe,Tonks,atonksha@unc.edu,Non-binary,Brazil
624,Claiborn,Chestney,cchestneyhb@linkedin.com,Polygender,China
625,Georgiana,Sargant,gsarganthc@yellowpages.com,Polygender,Poland
626,Shina,Finnimore,sfinnimorehd@auda.org.au,Non-binary,Mongolia
627,Giorgia,Treby,gtrebyhe@ning.com,Female,Nigeria
628,Ase,Sola,asolahf@archive.org,Non-binary,Poland
629,Josefa,McKean,jmckeanhg@uiuc.edu,Genderfluid,Albania
630,Haskel,Haydock,hhaydockhh@home.pl,Polygender,China
631,Lanna,Kiddye,lkiddyehi@prweb.com,Genderfluid,China
632,Ad,Westraw,awestrawhj@hostgator.com,Non-binary,Kazakhstan
633,Vevay,Kunc,vkunchk@mapquest.com,Male,Indonesia
634,Klarika,Armit,karmithl@ehow.com,Agender,United Kingdom
635,Yardley,Gibbons,ygibbonshm@naver.com,Polygender,Iraq
636,Cletus,Braddick,cbraddickhn@wiley.com,Female,China
637,Pamelina,Michel,pmichelho@google.ca,Bigender,China
638,Jackie,Feldmus,jfeldmushp@privacy.gov.au,Polygender,Vietnam
639,Lauree,Ferron,lferronhq@abc.net.au,Agender,China
640,Sonja,Trewin,strewinhr@fastcompany.com,Genderfluid,United States
641,Bartholomew,Rustedge,brustedgehs@mapy.cz,Polygender,Japan
642,Laurianne,Sizey,lsizeyht@yelp.com,Female,France
643,Ulla,Brewins,ubrewinshu@example.com,Genderqueer,East Timor
644,Bird,Isaq,bisaqhv@google.com.br,Non-binary,Ukraine
645,Hervey,Charity,hcharityhw@webeden.co.uk,Female,China
646,Tymon,Shugg,tshugghx@bbc.co.uk,Polygender,United States
647,Mitchel,Ebbs,mebbshy@slashdot.org,Non-binary,Poland
648,Frazer,Timms,ftimmshz@gov.uk,Agender,Ukraine
649,L;urette,Ruse,lrusei0@bbb.org,Non-binary,Ireland
650,Evelyn,Gowling,egowlingi1@cnbc.com,Polygender,Uganda
651,Gina,Burnet,gburneti2@cbsnews.com,Bigender,China
652,Astra,Foulcher,afoulcheri3@mlb.com,Genderqueer,France
653,Barrett,Crossingham,bcrossinghami4@fastcompany.com,Genderfluid,China
654,Bastian,Rapelli,brapellii5@cbslocal.com,Genderfluid,Poland
655,Cherey,Westcar,cwestcari6@berkeley.edu,Genderqueer,China
656,Huntley,Overstreet,hoverstreeti7@4shared.com,Polygender,Russia
657,Cati,Scammell,cscammelli8@nasa.gov,Polygender,China
658,Francesca,Brunner,fbrunneri9@businessinsider.com,Agender,France
659,Brendan,Seville,bsevilleia@google.ru,Male,Japan
660,Beryl,Cardus,bcardusib@ocn.ne.jp,Genderfluid,Poland
661,Vick,Norridge,vnorridgeic@weibo.com,Genderqueer,Japan
662,Mehetabel,Skirvin,mskirvinid@sina.com.cn,Female,Ghana
663,York,Zolini,yzoliniie@blogtalkradio.com,Male,Indonesia
664,Charmaine,Jennick,cjennickif@fotki.com,Male,Philippines
665,Quillan,Escot,qescotig@privacy.gov.au,Male,United States
666,Shell,Gorelli,sgorelliih@fda.gov,Agender,China
667,Goldy,Joncic,gjoncicii@histats.com,Female,Netherlands
668,Orlando,Nollet,onolletij@infoseek.co.jp,Agender,Sweden
669,Teri,Goodday,tgooddayik@wordpress.org,Genderfluid,Bulgaria
670,Brennen,De Filippis,bdefilippisil@reuters.com,Genderqueer,China
671,Marcile,Readett,mreadettim@trellian.com,Genderfluid,Canada
672,Vernice,Barden,vbardenin@cbslocal.com,Agender,China
673,Lorry,Pelzer,lpelzerio@state.gov,Female,Philippines
674,Lanette,Snoden,lsnodenip@google.com.hk,Genderqueer,Brazil
675,Cameron,Beckworth,cbeckworthiq@bloomberg.com,Polygender,Indonesia
676,Adolf,Yggo,ayggoir@fastcompany.com,Female,Russia
677,Jena,Kos,jkosis@webmd.com,Genderfluid,Armenia
678,Robbin,Riseborough,rriseboroughit@earthlink.net,Male,Brazil
679,Justus,Spellacey,jspellaceyiu@google.nl,Genderfluid,China
680,Shelli,Allom,sallomiv@about.me,Bigender,Philippines
681,Emlynne,Cass,ecassiw@sohu.com,Genderqueer,Philippines
682,Kristofor,Crickett,kcrickettix@opensource.org,Male,Mauritania
683,Dita,Boshard,dboshardiy@163.com,Bigender,Nigeria
684,Orella,Seegar,oseegariz@zimbio.com,Genderqueer,China
685,Brina,Hysom,bhysomj0@ifeng.com,Genderfluid,Poland
686,Urban,Macquire,umacquirej1@stumbleupon.com,Female,China
687,Dynah,Quarmby,dquarmbyj2@jimdo.com,Bigender,China
688,Renelle,Joppich,rjoppichj3@geocities.jp,Genderfluid,Sri Lanka
689,Paquito,Whiteoak,pwhiteoakj4@studiopress.com,Genderfluid,Philippines
690,Ameline,Astbury,aastburyj5@addtoany.com,Male,Indonesia
691,Wendye,Symons,wsymonsj6@psu.edu,Agender,Indonesia
692,Derward,Gavini,dgavinij7@ibm.com,Female,Nepal
693,Ody,Lorenzetti,olorenzettij8@hc360.com,Non-binary,China
694,Howie,Madden,hmaddenj9@newsvine.com,Bigender,Tunisia
695,Rubia,Ivatts,rivattsja@unicef.org,Bigender,Greece
696,Katey,Mealiffe,kmealiffejb@tinypic.com,Agender,China
697,Roobbie,Baythorp,rbaythorpjc@mac.com,Genderfluid,Peru
698,Herby,Boggon,hboggonjd@domainmarket.com,Genderfluid,Greece
699,Florry,Saulter,fsaulterje@barnesandnoble.com,Genderqueer,China
700,Coreen,Poli,cpolijf@mac.com,Agender,Ethiopia
701,Gregg,Fallawe,gfallawejg@barnesandnoble.com,Polygender,Ukraine
702,Fraser,Whiteley,fwhiteleyjh@posterous.com,Male,Tonga
703,Emma,Wackly,ewacklyji@cam.ac.uk,Polygender,Sweden
704,Rodge,Cotton,rcottonjj@360.cn,Genderqueer,France
705,Minerva,Tuckerman,mtuckermanjk@intel.com,Agender,Peru
706,Teresina,Burris,tburrisjl@livejournal.com,Genderfluid,Morocco
707,Everett,Vowden,evowdenjm@noaa.gov,Genderqueer,Indonesia
708,Ardelis,L'Episcopi,alepiscopijn@altervista.org,Bigender,Egypt
709,Ashley,Alsobrook,aalsobrookjo@army.mil,Male,Poland
710,Robinetta,Relph,rrelphjp@livejournal.com,Bigender,Indonesia
711,Victoir,Nacci,vnaccijq@mtv.com,Non-binary,Mexico
712,Marissa,Rooze,mroozejr@dagondesign.com,Genderfluid,Canada
713,Cathrin,Costard,ccostardjs@google.com,Genderfluid,Russia
714,Maurita,Longden,mlongdenjt@google.com.hk,Male,Indonesia
715,Elisha,Goghin,egoghinju@vkontakte.ru,Female,Indonesia
716,Odella,Uttley,outtleyjv@reference.com,Non-binary,Philippines
717,Lori,Treher,ltreherjw@indiatimes.com,Non-binary,China
718,Claribel,Doget,cdogetjx@a8.net,Genderqueer,Armenia
719,Amalie,Kincaid,akincaidjy@twitpic.com,Bigender,China
720,Wernher,Eberdt,weberdtjz@economist.com,Female,China
721,Abbott,Tolworthy,atolworthyk0@barnesandnoble.com,Polygender,Russia
722,Micky,Prisley,mprisleyk1@accuweather.com,Non-binary,New Zealand
723,Jesse,Holhouse,jholhousek2@biglobe.ne.jp,Non-binary,Portugal
724,Angelique,Lougheid,alougheidk3@google.ru,Female,Brazil
725,Frasquito,Jouanet,fjouanetk4@jiathis.com,Genderqueer,Argentina
726,Tibold,Rickaert,trickaertk5@arizona.edu,Genderqueer,China
727,Jan,Yakuntzov,jyakuntzovk6@tiny.cc,Agender,Greece
728,Fraser,Cornes,fcornesk7@wikia.com,Male,Brazil
729,Roseanne,Minihan,rminihank8@google.ca,Genderfluid,China
730,Delmer,Clinkard,dclinkardk9@stumbleupon.com,Bigender,France
731,Flint,Landman,flandmanka@newsvine.com,Non-binary,Kuwait
732,Orv,Altimas,oaltimaskb@purevolume.com,Bigender,Nigeria
733,Dore,Grouen,dgrouenkc@posterous.com,Polygender,Moldova
734,Elsie,Hartropp,ehartroppkd@unblog.fr,Non-binary,China
735,Jorge,Grisewood,jgrisewoodke@discovery.com,Female,Russia
736,Alyse,Duigan,aduigankf@wiley.com,Genderfluid,Greece
737,Lavena,Tomkinson,ltomkinsonkg@oracle.com,Polygender,China
738,Braden,Tearny,btearnykh@mozilla.com,Agender,United States
739,Caz,Berens,cberenski@wufoo.com,Non-binary,Ukraine
740,Sydelle,Withams,swithamskj@bing.com,Polygender,Thailand
741,Basia,Duinkerk,bduinkerkkk@de.vu,Genderqueer,China
742,Angel,Tsar,atsarkl@simplemachines.org,Polygender,Germany
743,Marie-jeanne,Langstone,mlangstonekm@technorati.com,Female,Argentina
744,Reynolds,Chaikovski,rchaikovskikn@imdb.com,Non-binary,Indonesia
745,Neel,Dumphrey,ndumphreyko@gov.uk,Agender,Philippines
746,Hewitt,Bunnell,hbunnellkp@uiuc.edu,Genderfluid,Indonesia
747,Jasper,Beardsworth,jbeardsworthkq@hhs.gov,Genderfluid,Russia
748,Findley,Milson,fmilsonkr@intel.com,Female,Peru
749,Madelin,Bullcock,mbullcockks@soup.io,Genderqueer,Indonesia
750,Jacklin,Peregrine,jperegrinekt@i2i.jp,Genderfluid,Poland
751,Timotheus,Jaine,tjaineku@tripadvisor.com,Bigender,Canada
752,Alvina,MacEllen,amacellenkv@chron.com,Female,Honduras
753,Chastity,Schukert,cschukertkw@acquirethisname.com,Agender,China
754,Sharlene,Brende,sbrendekx@bbc.co.uk,Polygender,Indonesia
755,Brianne,Curwood,bcurwoodky@go.com,Genderfluid,Sweden
756,Melly,Rucklidge,mrucklidgekz@jigsy.com,Agender,France
757,Tiena,Carnow,tcarnowl0@apple.com,Bigender,Czech Republic
758,Petronilla,Boullen,pboullenl1@plala.or.jp,Female,China
759,Krista,Cars,kcarsl2@gmpg.org,Bigender,Greece
760,Pru,Iannuzzelli,piannuzzellil3@instagram.com,Female,Russia
761,Trudie,Candie,tcandiel4@wikipedia.org,Bigender,Brazil
762,Sidnee,Debrett,sdebrettl5@google.cn,Bigender,Russia
763,Giacomo,Beseke,gbesekel6@mtv.com,Non-binary,Russia
764,Mohammed,Dougill,mdougilll7@biglobe.ne.jp,Bigender,China
765,Amelia,Axelbey,aaxelbeyl8@google.com.br,Agender,Indonesia
766,Hy,Cripwell,hcripwelll9@businessinsider.com,Polygender,Russia
767,Rozalin,Iannelli,riannellila@bbb.org,Genderfluid,Portugal
768,Kassie,Madsen,kmadsenlb@lulu.com,Genderfluid,France
769,Lishe,Okill,lokilllc@examiner.com,Agender,Indonesia
770,Blanch,Simeone,bsimeoneld@ibm.com,Genderfluid,United States
771,Terra,Lilford,tlilfordle@disqus.com,Agender,Greece
772,Liv,Blakeborough,lblakeboroughlf@howstuffworks.com,Agender,Sweden
773,Flemming,Ruff,frufflg@reuters.com,Female,Ukraine
774,Wolfgang,Cawston,wcawstonlh@mapy.cz,Genderqueer,Indonesia
775,Amelie,Chimenti,achimentili@vinaora.com,Agender,Poland
776,Lowell,Grzelczyk,lgrzelczyklj@cyberchimps.com,Polygender,Bolivia
777,Pebrook,MacNeish,pmacneishlk@epa.gov,Female,Pakistan
778,Catherin,Simmonds,csimmondsll@1und1.de,Genderqueer,Indonesia
779,Mable,Pennicott,mpennicottlm@mapy.cz,Female,Russia
780,Constantin,Blanchette,cblanchetteln@friendfeed.com,Genderqueer,Bosnia and Herzegovina
781,Randee,Poytheras,rpoytheraslo@disqus.com,Non-binary,China
782,Kendra,Goymer,kgoymerlp@usda.gov,Male,Colombia
783,Rivalee,Treleaven,rtreleavenlq@jugem.jp,Genderqueer,China
784,Natal,Kivits,nkivitslr@gov.uk,Female,Greece
785,Gloriana,Beccera,gbeccerals@yandex.ru,Non-binary,Israel
786,Rora,Gaunt,rgauntlt@de.vu,Male,Philippines
787,Jerad,Lambie,jlambielu@tuttocitta.it,Bigender,Portugal
788,Neville,Tivers,ntiverslv@tuttocitta.it,Non-binary,Brazil
789,Nikolai,Rendell,nrendelllw@sphinn.com,Female,United States
790,Krishna,Whitlaw,kwhitlawlx@yale.edu,Female,Vietnam
791,Virgil,Stirman,vstirmanly@twitpic.com,Female,Poland
792,Lurleen,Sheridan,lsheridanlz@miibeian.gov.cn,Genderqueer,Norway
793,Kim,Carrane,kcarranem0@shop-pro.jp,Female,China
794,Sharla,Lapham,slaphamm1@economist.com,Non-binary,Indonesia
795,Krishna,Elliston,kellistonm2@addtoany.com,Female,China
796,Veriee,Bellard,vbellardm3@illinois.edu,Agender,Russia
797,Had,Bedder,hbedderm4@shareasale.com,Polygender,Indonesia
798,Valaree,Picott,vpicottm5@naver.com,Genderfluid,Malta
799,Yetty,Ratcliffe,yratcliffem6@psu.edu,Female,Finland
800,Nicolais,Partkya,npartkyam7@skyrock.com,Polygender,Sweden
801,Rose,Hedan,rhedanm8@ow.ly,Polygender,Indonesia
802,Nanice,Shearman,nshearmanm9@yellowpages.com,Bigender,Martinique
803,Faustine,Bradane,fbradanema@wufoo.com,Female,South Africa
804,Marissa,Carren,mcarrenmb@va.gov,Polygender,Brazil
805,Noach,Barlow,nbarlowmc@sohu.com,Genderfluid,Finland
806,Shell,Millam,smillammd@squidoo.com,Polygender,China
807,Lillis,Beert,lbeertme@xrea.com,Genderfluid,Dominican Republic
808,Blanch,Armer,barmermf@cloudflare.com,Polygender,Czech Republic
809,Sterne,Sloy,ssloymg@spotify.com,Male,Indonesia
810,Corliss,Towndrow,ctowndrowmh@ucla.edu,Agender,France
811,Nannette,Huffadine,nhuffadinemi@addtoany.com,Male,South Africa
812,Dora,Bell,dbellmj@uol.com.br,Genderfluid,Marshall Islands
813,Hewie,Barends,hbarendsmk@slashdot.org,Polygender,Brazil
814,Chrisy,Crystal,ccrystalml@ftc.gov,Male,Morocco
815,Lorine,Geleman,lgelemanmm@bloomberg.com,Female,China
816,Winslow,Bassil,wbassilmn@indiatimes.com,Female,China
817,Cchaddie,Otto,cottomo@elegantthemes.com,Bigender,Morocco
818,Patton,Scargill,pscargillmp@auda.org.au,Agender,China
819,Consolata,Minton,cmintonmq@netlog.com,Genderfluid,Afghanistan
820,Fiona,Turbefield,fturbefieldmr@nsw.gov.au,Non-binary,China
821,Conn,Watchorn,cwatchornms@auda.org.au,Genderqueer,Canada
822,Katerine,Farington,kfaringtonmt@vistaprint.com,Male,Brazil
823,Arlinda,Antonognoli,aantonognolimu@zdnet.com,Male,China
824,Rainer,Mussetti,rmussettimv@admin.ch,Genderqueer,France
825,Sophey,Espinel,sespinelmw@ezinearticles.com,Non-binary,China
826,Steffie,Kain,skainmx@imageshack.us,Female,Poland
827,Edita,Brik,ebrikmy@yahoo.co.jp,Non-binary,Sweden
828,Rhetta,Chestney,rchestneymz@blogger.com,Genderfluid,Guatemala
829,Isaac,Docherty,idochertyn0@istockphoto.com,Non-binary,China
830,Fremont,Sarrell,fsarrelln1@facebook.com,Agender,Guatemala
831,Bernardine,Hariot,bhariotn2@symantec.com,Bigender,Philippines
832,Jerry,Stoakes,jstoakesn3@posterous.com,Polygender,Republic of the Congo
833,Jeannie,Gordge,jgordgen4@addtoany.com,Polygender,Thailand
834,Garreth,Lehenmann,glehenmannn5@google.pl,Non-binary,Israel
835,Elliot,Mohammad,emohammadn6@so-net.ne.jp,Bigender,China
836,Zarla,Rehorek,zrehorekn7@barnesandnoble.com,Agender,China
837,Lesya,Diviney,ldivineyn8@usgs.gov,Genderqueer,Montenegro
838,Tod,Blazynski,tblazynskin9@cisco.com,Non-binary,Poland
839,Courtenay,D'Oyly,cdoylyna@yale.edu,Female,Mexico
840,Octavia,Romanet,oromanetnb@cbslocal.com,Female,Indonesia
841,Raimondo,Paskell,rpaskellnc@tumblr.com,Female,Japan
842,Brandon,Jaegar,bjaegarnd@biglobe.ne.jp,Polygender,Mexico
843,Nicolais,Gozzard,ngozzardne@mysql.com,Polygender,Argentina
844,Orin,Barosch,obaroschnf@qq.com,Polygender,Philippines
845,Sallee,Maughan,smaughanng@chronoengine.com,Non-binary,Venezuela
846,Katharyn,Polhill,kpolhillnh@digg.com,Non-binary,Yemen
847,Oralee,Burrow,oburrowni@toplist.cz,Female,Japan
848,Alon,Fortnam,afortnamnj@reverbnation.com,Non-binary,China
849,Jilleen,Dagwell,jdagwellnk@bandcamp.com,Agender,Vietnam
850,Annabella,Furbank,afurbanknl@ucoz.com,Genderfluid,France
851,Didi,Margerison,dmargerisonnm@cargocollective.com,Non-binary,Luxembourg
852,Cosimo,Ridley,cridleynn@msu.edu,Polygender,Brazil
853,Dora,Blagdon,dblagdonno@smh.com.au,Polygender,Japan
854,Devon,Finicj,dfinicjnp@yahoo.co.jp,Non-binary,Iran
855,Clare,Woodroofe,cwoodroofenq@nymag.com,Polygender,China
856,Lenka,Van Der Vlies,lvandervliesnr@blinklist.com,Genderqueer,Syria
857,Vanny,Minchinton,vminchintonns@mayoclinic.com,Polygender,China
858,Ninnetta,Duer,nduernt@state.gov,Bigender,Poland
859,Ethelda,Knightsbridge,eknightsbridgenu@nih.gov,Polygender,Peru
860,Scarlet,Tratton,strattonnv@globo.com,Bigender,Egypt
861,Cully,Canet,ccanetnw@toplist.cz,Female,Sweden
862,Mavis,Aymer,maymernx@redcross.org,Genderqueer,Philippines
863,Inga,Bertelet,iberteletny@dot.gov,Genderfluid,Armenia
864,Bogey,Weagener,bweagenernz@odnoklassniki.ru,Non-binary,China
865,Edouard,Wyndham,ewyndhamo0@irs.gov,Non-binary,China
866,Myranda,Frawley,mfrawleyo1@marketwatch.com,Male,Brazil
867,Elene,Waistell,ewaistello2@booking.com,Bigender,Greece
868,Dana,Sevior,dsevioro3@uol.com.br,Genderfluid,Russia
869,Shea,Bliven,sbliveno4@businessinsider.com,Agender,Philippines
870,Bondy,Trusler,btruslero5@bizjournals.com,Bigender,Venezuela
871,Cathy,Wallhead,cwallheado6@bbb.org,Agender,Liberia
872,Tomasina,Stackbridge,tstackbridgeo7@alibaba.com,Bigender,Norway
873,Warde,Golagley,wgolagleyo8@artisteer.com,Polygender,Philippines
874,Christophorus,Milstead,cmilsteado9@cisco.com,Genderqueer,Thailand
875,Hastie,Seage,hseageoa@weebly.com,Bigender,Japan
876,Lucais,Van den Broek,lvandenbroekob@nba.com,Genderqueer,China
877,Tabatha,Pack,tpackoc@google.it,Agender,Russia
878,Gratiana,Eversfield,geversfieldod@free.fr,Genderqueer,Portugal
879,Bernadine,Morden,bmordenoe@ask.com,Non-binary,China
880,Clifford,Dullard,cdullardof@w3.org,Genderqueer,Philippines
881,Latashia,Blakemore,lblakemoreog@spiegel.de,Agender,Croatia
882,Erik,Schwandt,eschwandtoh@xrea.com,Non-binary,China
883,Mallory,Marciek,mmarciekoi@devhub.com,Polygender,China
884,Elinore,Younghusband,eyounghusbandoj@netscape.com,Non-binary,South Korea
885,Corey,Crosfield,ccrosfieldok@arizona.edu,Genderqueer,Morocco
886,Sonni,Sturdey,ssturdeyol@cam.ac.uk,Polygender,Mexico
887,Jarrad,Petersen,jpetersenom@addthis.com,Male,Sweden
888,Joellen,Kirton,jkirtonon@rakuten.co.jp,Male,Philippines
889,Graham,Dowden,gdowdenoo@myspace.com,Female,Peru
890,Christoper,Turmall,cturmallop@ted.com,Male,Indonesia
891,Cyndia,Bernlin,cbernlinoq@businessweek.com,Male,Argentina
892,Carlota,Vlasenko,cvlasenkoor@issuu.com,Agender,Poland
893,Klaus,Sillick,ksillickos@blogspot.com,Non-binary,Ukraine
894,Heinrick,Crush,hcrushot@timesonline.co.uk,Genderqueer,Canada
895,Gayleen,Hemphrey,ghemphreyou@about.me,Agender,China
896,Shurlock,Chretien,schretienov@bloomberg.com,Genderqueer,United States
897,Graig,Mackett,gmackettow@sohu.com,Non-binary,Brazil
898,Stacee,Luetkemeyer,sluetkemeyerox@taobao.com,Polygender,Portugal
899,Nadiya,Uebel,nuebeloy@google.com.hk,Genderfluid,Russia
900,Gardie,Larrad,glarradoz@odnoklassniki.ru,Female,China
901,Alard,Full,afullp0@boston.com,Bigender,China
902,Mildred,Hardwin,mhardwinp1@nba.com,Female,Israel
903,Sonnie,Gullane,sgullanep2@altervista.org,Genderfluid,France
904,Lindsey,Martinyuk,lmartinyukp3@epa.gov,Female,Philippines
905,Roslyn,Bennellick,rbennellickp4@opensource.org,Genderqueer,Indonesia
906,Alan,Pantone,apantonep5@psu.edu,Bigender,Argentina
907,Daffi,Orht,dorhtp6@parallels.com,Bigender,Philippines
908,Aaron,Aubry,aaubryp7@craigslist.org,Female,China
909,Rudd,Molan,rmolanp8@livejournal.com,Male,Chile
910,Mario,Hambridge,mhambridgep9@oracle.com,Genderfluid,China
911,Drusi,Ferronel,dferronelpa@surveymonkey.com,Non-binary,China
912,Tracie,Ceney,tceneypb@cdc.gov,Male,Sweden
913,Anabal,Beevers,abeeverspc@exblog.jp,Polygender,Indonesia
914,Nickey,MacMenamie,nmacmenamiepd@mapy.cz,Genderqueer,Iran
915,Norrie,Jurasz,njuraszpe@washington.edu,Male,Brazil
916,Stanwood,Yurenin,syureninpf@instagram.com,Female,Botswana
917,Charisse,Erett,cerettpg@prnewswire.com,Genderqueer,Russia
918,Ludovico,Pratton,lprattonph@discuz.net,Female,Cameroon
919,Natalina,Boxill,nboxillpi@guardian.co.uk,Bigender,Uruguay
920,Rhoda,Bollam,rbollampj@ning.com,Genderfluid,United States
921,Chicky,Pettiward,cpettiwardpk@cam.ac.uk,Genderfluid,New Zealand
922,Baldwin,Davidovitch,bdavidovitchpl@t.co,Bigender,Iran
923,Marcus,Pere,mperepm@soup.io,Male,Indonesia
924,Egan,Petteford,epettefordpn@alibaba.com,Genderfluid,Guatemala
925,Trstram,Tuftin,ttuftinpo@cargocollective.com,Male,Mongolia
926,Marielle,Sillwood,msillwoodpp@sciencedirect.com,Non-binary,Albania
927,Neddy,McTavy,nmctavypq@fda.gov,Male,Indonesia
928,Caesar,Bramley,cbramleypr@hp.com,Genderqueer,China
929,Maxi,McSkin,mmcskinps@about.com,Female,Indonesia
930,Tannie,Scough,tscoughpt@blogtalkradio.com,Male,Thailand
931,Minta,Iacomi,miacomipu@mtv.com,Polygender,Poland
932,Hiram,Handscomb,hhandscombpv@nifty.com,Bigender,Indonesia
933,Cherilyn,Bucky,cbuckypw@newyorker.com,Female,China
934,Winni,Sutworth,wsutworthpx@meetup.com,Female,China
935,Liam,Cartan,lcartanpy@msn.com,Bigender,Poland
936,Aron,Sprionghall,asprionghallpz@mysql.com,Male,Indonesia
937,Nikos,Yurikov,nyurikovq0@yelp.com,Bigender,Russia
938,Gelya,Holme,gholmeq1@howstuffworks.com,Bigender,Philippines
939,Sissy,Jukubczak,sjukubczakq2@addtoany.com,Non-binary,Vietnam
940,Annmarie,Lloyd-Williams,alloydwilliamsq3@ehow.com,Genderqueer,Indonesia
941,Les,Kirkbright,lkirkbrightq4@nsw.gov.au,Bigender,Russia
942,Nial,Koppes,nkoppesq5@altervista.org,Genderfluid,Brazil
943,Claudell,Goldsberry,cgoldsberryq6@census.gov,Genderqueer,Spain
944,Debera,De Cleen,ddecleenq7@yale.edu,Non-binary,Greece
945,Phineas,Bellocht,pbellochtq8@uol.com.br,Non-binary,Japan
946,Roosevelt,Hollidge,rhollidgeq9@blog.com,Male,China
947,Jillayne,Dungey,jdungeyqa@senate.gov,Female,Venezuela
948,Ambrosius,Scone,asconeqb@eepurl.com,Polygender,China
949,Nalani,Alsobrook,nalsobrookqc@tumblr.com,Bigender,Brazil
950,Julianne,Gavriel,jgavrielqd@uiuc.edu,Agender,Canada
951,Carlynne,Skirrow,cskirrowqe@hugedomains.com,Bigender,Netherlands
952,Caria,Dengel,cdengelqf@icio.us,Genderfluid,Czech Republic
953,Carissa,Matas,cmatasqg@trellian.com,Male,Poland
954,Donn,Capponeer,dcapponeerqh@list-manage.com,Male,Greece
955,Leilah,Surgener,lsurgenerqi@rediff.com,Genderfluid,Brazil
956,Carlie,Mulcahy,cmulcahyqj@ihg.com,Non-binary,Afghanistan
957,Billi,Le Ball,bleballqk@t-online.de,Male,Laos
958,Gennie,Stoak,gstoakql@washingtonpost.com,Bigender,Mozambique
959,Poul,Bourtoumieux,pbourtoumieuxqm@thetimes.co.uk,Female,China
960,Artair,Siggs,asiggsqn@4shared.com,Non-binary,Brunei
961,Torr,Phair,tphairqo@csmonitor.com,Male,Vietnam
962,Mil,Lewknor,mlewknorqp@nasa.gov,Agender,China
963,Cherilyn,Weir,cweirqq@a8.net,Genderfluid,Brazil
964,Malinda,Buckenhill,mbuckenhillqr@wufoo.com,Male,Bulgaria
965,Nikkie,Dedon,ndedonqs@imgur.com,Genderfluid,Honduras
966,Kellen,Jouannin,kjouanninqt@over-blog.com,Male,China
967,Fields,Lowman,flowmanqu@pagesperso-orange.fr,Genderfluid,Indonesia
968,Steve,Confort,sconfortqv@1688.com,Genderqueer,Russia
969,Ranique,Moine,rmoineqw@lulu.com,Polygender,Palestinian Territory
970,Lexine,Dagon,ldagonqx@github.io,Genderfluid,Philippines
971,Kimble,Langland,klanglandqy@etsy.com,Female,Brazil
972,Kristen,Jouannin,kjouanninqz@prlog.org,Male,United States
973,Vlad,Klas,vklasr0@meetup.com,Genderqueer,Indonesia
974,Miguela,Giacobillo,mgiacobillor1@craigslist.org,Genderqueer,Russia
975,Kayle,Cleere,kcleerer2@phoca.cz,Polygender,Croatia
976,Howie,Gossage,hgossager3@omniture.com,Bigender,Ukraine
977,Emlynne,Cyphus,ecyphusr4@cdc.gov,Agender,Israel
978,Deedee,Welsh,dwelshr5@tamu.edu,Male,Indonesia
979,Olga,Blondin,oblondinr6@indiatimes.com,Bigender,Libya
980,Rahel,Leaning,rleaningr7@cisco.com,Bigender,Guam
981,Mallorie,Cassius,mcassiusr8@washingtonpost.com,Female,Poland
982,Callean,Sherebrooke,csherebrooker9@noaa.gov,Agender,Indonesia
983,Sheila-kathryn,Kisbee,skisbeera@youtube.com,Polygender,China
984,Cly,McGavigan,cmcgaviganrb@wikimedia.org,Non-binary,Thailand
985,Pier,Huertas,phuertasrc@youtu.be,Polygender,Argentina
986,Agata,Mosconi,amosconird@independent.co.uk,Genderfluid,Argentina
987,Orella,Gounard,ogounardre@ihg.com,Non-binary,Indonesia
988,Armando,Spaven,aspavenrf@devhub.com,Female,China
989,Emlyn,Brandin,ebrandinrg@desdev.cn,Agender,Greece
990,Sherlocke,Bernardet,sbernardetrh@about.me,Bigender,China
991,Travers,Ranner,trannerri@parallels.com,Bigender,Russia
992,Martie,Pessold,mpessoldrj@businessweek.com,Bigender,China
993,Noah,Ghirigori,nghirigorirk@bing.com,Male,Gambia
994,Carlin,Skates,cskatesrl@so-net.ne.jp,Male,Libya
995,Lauri,Draco,ldracorm@freewebs.com,Polygender,Brazil
996,Taryn,Ainscow,tainscowrn@ustream.tv,Polygender,Palestinian Territory
997,Armand,Dellar,adellarro@tuttocitta.it,Bigender,Russia
998,Averill,Kedie,akedierp@thetimes.co.uk,Genderfluid,Argentina
999,Cinderella,Martinolli,cmartinollirq@google.de,Genderfluid,Kenya
1000,Marya,Polsin,mpolsinrr@g.co,Genderqueer,Indonesia
